FDBHKIC,6312
BCJUYS,6891
RYFMSBUMPD,4243
IBHKI,8377
YFM,6635
TYG,4970
KKKKSWA,7809
PAJXDOIPGT,9559
IVCI,3579
NYBWMT,2282
OJFL,2290
ATD,1554
TVUFLXX,4105
ZNHVX,8726
TKJK,9862
OFQFUDBZB,2408
PGHD,1619
UFCVJ,1209
NSDYDRP,5410
QJVYIZBDVT,9172
NAURNG,5797
MCX,5181
BVKK,3351
IIDRYZDHY,9053
PZJQUWPCVC,7254
CQRJRGMKI,8542
XYANEC,1021
WABGWAJ,8990
WTQTXAK,231
SJRZM,6535
RDHTP,19
WPUFOEGAIQ,8087
ZTHM,5459
KKZFUAYHB,5329
BOFTX,1032
ANBGMOVYWD,9299
MEF,3910
SEDWRQJUZB,2335
VBX,1495
GTWQWC,5244
ONMV,8323
RIE,8017
MMU,4939
CQQIQZZDOZ,4770
CMZLMX,2045
OTQCZQK,5452
OEFXCH,8853
SEWFBIEO,9883
KFZE,7291
NIPSCM,9770
VZWELE,6307
XGRLI,9432
NYTC,4757
YCKYQGDO,3103
GDVL,3060
OLLELZEIJF,4261
DHKHIOEL,1132
IZXZQ,2134
TEHHPWPJK,2451
ULWYPPB,634
IBQGDQ,1315
YMEKJYZNQ,8858
YQLOIG,6411
GECNZR,8595
ADDZILKW,8550
UFG,3859
KTJ,3526
BEJVXGGMP,9664
UQK,6872
HIOG,4510
XTL,8072
BMQJHIRNOI,5856
IVLT,5314
YKDNAYIZF,1890
CTVNT,9619
RBJPQ,5494
ZAAUDHXQER,3120
OLDIP,266
PUWZQYABSQ,4441
LBQ,3613
QSGWXNQFZO,2794
EGVO,6982
WYBAJKOEE,1019
OWGLWPWHN,3585
OOFDKFWHY,9403
WNNVQ,8753
FZPCALGBN,1213
HTBKEAHRPL,2039
WKJXGDGXVO,3089
GTX,9437
QBKVHO,6410
MKOQIWWAHI,1902
BHNORELP,9921
CYYRGA,3189
JJTCGR,3031
QGJPKB,2030
FDNHNYULHV,3451
IZBYXB,1001
QNNKB,374
BOKJ,6974
OWL,1663
HFOQVJCX,4259
HDJWLT,3619
WKKVBG,4933
XDPILO,7145
RCI,1001
FCGNDHIX,7654
MVKB,9773
UUUPQDMWN,4263
BCVO,7705
AYTO,9336
FBZFQM,3333
BEXG,2593
IEOXPGIH,8675
AQLS,1921
ZPKP,7247
RSQBPKSTC,2865
GRDDPWDYF,7728
RGSOS,6716
RMZHDBEJM,9325
BJHNW,8333
CBGKTEX,5103
EFKYY,5852
QDWRAFY,4112
OFRGSTLK,9185
ERJWCGTDLL,204
XXFORTG,1296
JZGWEWAAEJ,749
OFTUGB,3935
FEANSFB,7895
WVDDB,9997
JPTRXHKS,2169
ORA,5084
AIP,1323
HEPZBKF,9742
MLPHCN,5479
BWLV,3923
CAFCSX,7343
VLKUGBUF,9309
PZEQKLUFC,6591
PAJ,9298
DGWDO,767
YLOHFWYBEP,7297
DSOGB,4248
SJBX,2584
KFOVRWLCW,8644
ULMJGHYZX,7984
HYDS,9199
LJALMPLCU,2
RRWXRU,638
PNYWIXHY,5341
DESGY,7650
PWV,6802
OMU,8988
BKFVPED,1368
RNFXJ,6584
JDIIH,6841
QYSP,56
VYRCMXCDU,235
ERHVK,39
HBDWKQJ,8657
UFGHIFPGN,3253
RXLS,4955
LYZREFYTV,2986
WBUGSCO,7793
UCIOX,6500
ETSXQQYQWE,1333
SVCABQSKYS,7422
HLUHO,1897
QLMOEUY,4203
ABDVIYWW,8534
KJZMJ,5687
ZNOIE,2531
GHJ,305
WZH,667
CUB,4255
PUKEYNBT,5157
JXHJ,6012
EIA,9298
JRYDTQBUGX,9955
KAUCNCOZC,8102
YLGNU,7515
DZHFXASJI,7135
EDFUPFWXYY,8814
UTGFWGHB,3406
HAFMMUYF,9620
ABANJKUJ,146
KXJ,2475
NRIKDDAGQG,5463
HKSFT,6017
FNDFEV,585
XPVQDHG,4418
GUYXRVTDRQ,2449
MKB,4744
XJKBGNRP,6469
LXZQZS,2125
ZEPHNJ,1883
YYK,3928
HCLXO,791
GZZRSZZXNR,2943
IUESSO,8570
QRU,1162
IJTXXLMNK,6606
XCXGRQ,6795
KVVOXRMFQE,7884
CNPPIWEIZ,5523
JXIJJP,5631
SJG,7850
IUV,8155
XFNSTS,620
NFURXO,2551
CXOKD,2729
XSUIRYEYLL,9249
HISYVYKQHD,1388
AHITYAJ,3622
APNGCIKYJN,6305
SUEXEX,1607
QOGQZSB,9118
MYWMZ,4749
WAWVMDHK,8006
JJNTVH,3560
CVFGKQCHT,1371
BBCWFPKPE,3607
WPXHMHUPT,9589
LWMPCG,2730
RVWUGF,3145
XVFUW,8615
WXZ,3305
ZIUCCEHBNQ,8145
PRENMMM,4203
YQYMZZVO,690
NQKMHMKKPZ,3538
ZMOORNJLP,2398
EWGCU,3244
QFHR,6194
OXPFDPVIT,8953
TLXTAOJ,2480
OUHRKWBD,2432
ILHXM,6651
TLCWEK,6935
NNCMDG,8540
QBUHSIGV,5284
RVM,3310
RNQLOB,9991
XBDTX,3585
EFZGRMMG,5575
JIUXUTPO,5273
JURZHTCWAK,8604
VIWCT,4209
WJPPRU,2555
HLBDJ,4824
OBEXFLLY,646
DAWAUPZBQ,666
SYULMHULG,251
VSCBVXOFMC,7350
NJNMUS,2633
ONKQEXGPI,7549
BXY,6263
SERVNHJMY,8681
ANWYZN,551
SPJKTV,1486
FOUHTPAZ,8487
JKIMQSNR,6986
ZBP,3377
LCE,8773
QINP,7901
KODWFXTOI,336
XIEEMUEV,4
LDHLSVR,2982
WEQ,4170
OCCH,4293
UNRUWH,4962
GPL,6686
FER,6287
OZGTCNBEU,2684
UQHVVKVVK,2087
XIXIXWHO,4704
EEBQT,589
CELG,6847
STMLRGYSVS,8059
KNR,9863
XUX,2481
VRVXVVRKA,5780
AVPQSAL,577
XDW,7519
BUTJSG,1663
ODIW,2481
XNIBZ,532
OXWJZMGI,2175
YZM,6282
IMVJ,8034
WDWUO,986
GSGHMI,7655
UWNG,5536
SMLPTTW,2037
AJYBONKN,4856
JRYWRKU,6352
ITGENPSMP,4814
HOMDRKT,1992
SPTXTTBB,6423
LPTMBSSE,6088
SCVFW,3121
SWLKO,5842
GVJ,1235
EMKBPIVKO,732
IEPLCFEL,8521
GETPT,9327
EQCMLUSPRH,3539
MCXFICEA,1532
VUJV,8232
WUUJBWJS,8581
BLF,8309
MNLYVEP,1859
TKIQLICUOA,6980
CGQQT,1377
SXYO,1717
UZMRQXK,1031
MSMVOZUQUC,6803
FJXTY,2559
TALFRDCHDH,504
PST,7320
URVFVYR,8137
ZSCGERVBV,4139
EFNV,5776
HWHQKJSZW,1989
ESAXQ,5700
UNRILDEFTD,3777
NASWBDIZ,5994
JSSG,2348
QPZHEV,2019
DXGWCI,118
PEBOCLY,404
XQZUMCEW,2325
BRHOTIQ,7440
SDDOQUVHES,7811
PIPAQIPP,4231
DYRG,4795
HAJLZWSK,9064
ZDQZNH,5358
WYICJZAF,9517
OTECWNKLER,2408
WFR,2052
RGTHR,3651
QRQULJBPK,3014
VREB,758
OAOC,2167
MUAO,337
AMUZKP,1200
VDJ,6886
MRV,2332
QXMGQ,6918
APIIVEQ,5810
AJMG,4065
NKMQJ,8671
AYUWTXEJF,6168
RZPJ,139
DLNGWIVFJB,3343
PCHRLFZMM,7716
AVLKP,1780
EBYMMA,1838
NMKYR,2522
FXTWFWPNUG,7310
JZHYS,6534
QKXBFPFL,6910
JDAXYUUP,2863
MYFRP,7430
UDRU,8575
BHTMCMVT,5823
XLAHCL,1418
BFXGYJC,3337
SUFOWU,31
DJGHCEKRJR,3584
WHXCMGJR,4935
OCJP,9981
MWRLJY,6951
GBCLIDDYVU,8154
ZZLTTIJQQ,3808
WJAKCL,6641
AOFFDRTS,4425
DXSMPBR,665
NVNAVOPYE,4204
VAJ,4139
LDDHEIN,4644
XHJI,1397
NPZHQ,4301
NWLFVMLF,4081
WIGTK,2680
JEXW,6797
JJUQBIIUI,8517
MZVDNOBCF,9405
GFEUS,3446
PIJQL,1726
IRGGI,8906
ZJTD,4565
ONHCV,7248
WUYHWJNWV,2258
JAZQJE,2021
ATEO,1975
LXIAD,6574
GPWJNLSGF,9169
JQKRWLMA,4899
ATXVAGPZDV,6802
EWOC,7811
REXAOD,8218
LJIIWIZFQR,8073
IVVOVUICI,987
OOQQRKEPF,4919
YZQJIAE,8119
